Titulo,Preco,Disponibilidade,Link
Sapiens: A Brief History of Humankind,Â£54.23,In stock,https://books.toscrape.com/catalogue/sapiens-a-brief-history-of-humankind_996/index.html
Set Me Free,Â£17.46,In stock,https://books.toscrape.com/catalogue/set-me-free_988/index.html
Scott Pilgrim's Precious Little Life (Scott Pilgrim #1),Â£52.29,In stock,https://books.toscrape.com/catalogue/scott-pilgrims-precious-little-life-scott-pilgrim-1_987/index.html
Rip it Up and Start Again,Â£35.02,In stock,https://books.toscrape.com/catalogue/rip-it-up-and-start-again_986/index.html
Chase Me (Paris Nights #2),Â£25.27,In stock,https://books.toscrape.com/catalogue/chase-me-paris-nights-2_977/index.html
Black Dust,Â£34.53,In stock,https://books.toscrape.com/catalogue/black-dust_976/index.html
Worlds Elsewhere: Journeys Around Shakespeareâs Globe,Â£40.30,In stock,https://books.toscrape.com/catalogue/worlds-elsewhere-journeys-around-shakespeares-globe_972/index.html
The Four Agreements: A Practical Guide to Personal Freedom,Â£17.66,In stock,https://books.toscrape.com/catalogue/the-four-agreements-a-practical-guide-to-personal-freedom_970/index.html
The Elephant Tree,Â£23.82,In stock,https://books.toscrape.com/catalogue/the-elephant-tree_968/index.html
Sophie's World,Â£15.94,In stock,https://books.toscrape.com/catalogue/sophies-world_966/index.html
Private Paris (Private #10),Â£47.61,In stock,https://books.toscrape.com/catalogue/private-paris-private-10_958/index.html
#HigherSelfie: Wake Up Your Life. Free Your Soul. Find Your Tribe.,Â£23.11,In stock,https://books.toscrape.com/catalogue/higherselfie-wake-up-your-life-free-your-soul-find-your-tribe_957/index.html
"We Love You, Charlie Freeman",Â£50.27,In stock,https://books.toscrape.com/catalogue/we-love-you-charlie-freeman_954/index.html
Thirst,Â£17.27,In stock,https://books.toscrape.com/catalogue/thirst_946/index.html
"The Inefficiency Assassin: Time Management Tactics for Working Smarter, Not Longer",Â£20.59,In stock,https://books.toscrape.com/catalogue/the-inefficiency-assassin-time-management-tactics-for-working-smarter-not-longer_935/index.html
The Activist's Tao Te Ching: Ancient Advice for a Modern Revolution,Â£32.24,In stock,https://books.toscrape.com/catalogue/the-activists-tao-te-ching-ancient-advice-for-a-modern-revolution_928/index.html
"Princess Jellyfish 2-in-1 Omnibus, Vol. 01 (Princess Jellyfish 2-in-1 Omnibus #1)",Â£13.61,In stock,https://books.toscrape.com/catalogue/princess-jellyfish-2-in-1-omnibus-vol-01-princess-jellyfish-2-in-1-omnibus-1_920/index.html
Princess Between Worlds (Wide-Awake Princess #5),Â£13.34,In stock,https://books.toscrape.com/catalogue/princess-between-worlds-wide-awake-princess-5_919/index.html
Join,Â£35.67,In stock,https://books.toscrape.com/catalogue/join_902/index.html
Immunity: How Elie Metchnikoff Changed the Course of Modern Medicine,Â£57.36,In stock,https://books.toscrape.com/catalogue/immunity-how-elie-metchnikoff-changed-the-course-of-modern-medicine_900/index.html
Call the Nurse: True Stories of a Country Nurse on a Scottish Isle,Â£29.14,In stock,https://books.toscrape.com/catalogue/call-the-nurse-true-stories-of-a-country-nurse-on-a-scottish-isle_885/index.html
"A Piece of Sky, a Grain of Rice: A Memoir in Four Meditations",Â£56.76,In stock,https://books.toscrape.com/catalogue/a-piece-of-sky-a-grain-of-rice-a-memoir-in-four-meditations_878/index.html
A Flight of Arrows (The Pathfinders #2),Â£55.53,In stock,https://books.toscrape.com/catalogue/a-flight-of-arrows-the-pathfinders-2_876/index.html
(Un)Qualified: How God Uses Broken People to Do Big Things,Â£54.00,In stock,https://books.toscrape.com/catalogue/unqualified-how-god-uses-broken-people-to-do-big-things_873/index.html
The Third Wave: An Entrepreneurâs Vision of the Future,Â£12.61,In stock,https://books.toscrape.com/catalogue/the-third-wave-an-entrepreneurs-vision-of-the-future_862/index.html
The Regional Office Is Under Attack!,Â£51.36,In stock,https://books.toscrape.com/catalogue/the-regional-office-is-under-attack_858/index.html
The Nerdy Nummies Cookbook: Sweet Treats for the Geek in All of Us,Â£37.34,In stock,https://books.toscrape.com/catalogue/the-nerdy-nummies-cookbook-sweet-treats-for-the-geek-in-all-of-us_853/index.html
The Artist's Way: A Spiritual Path to Higher Creativity,Â£38.49,In stock,https://books.toscrape.com/catalogue/the-artists-way-a-spiritual-path-to-higher-creativity_839/index.html
The Art of War,Â£33.34,In stock,https://books.toscrape.com/catalogue/the-art-of-war_838/index.html
Scarlett Epstein Hates It Here,Â£43.55,In stock,https://books.toscrape.com/catalogue/scarlett-epstein-hates-it-here_828/index.html
Redeeming Love,Â£20.47,In stock,https://books.toscrape.com/catalogue/redeeming-love_826/index.html
Mrs. Houdini,Â£30.25,In stock,https://books.toscrape.com/catalogue/mrs-houdini_821/index.html
Modern Romance,Â£28.26,In stock,https://books.toscrape.com/catalogue/modern-romance_820/index.html
Library of Souls (Miss Peregrineâs Peculiar Children #3),Â£48.56,In stock,https://books.toscrape.com/catalogue/library-of-souls-miss-peregrines-peculiar-children-3_816/index.html
Frostbite (Vampire Academy #2),Â£29.99,In stock,https://books.toscrape.com/catalogue/frostbite-vampire-academy-2_810/index.html
Finders Keepers (Bill Hodges Trilogy #2),Â£53.53,In stock,https://books.toscrape.com/catalogue/finders-keepers-bill-hodges-trilogy-2_807/index.html
Done Rubbed Out (Reightman & Bailey #1),Â£37.72,In stock,https://books.toscrape.com/catalogue/done-rubbed-out-reightman-bailey-1_803/index.html
Dark Notes,Â£19.19,In stock,https://books.toscrape.com/catalogue/dark-notes_800/index.html
Batman: The Dark Knight Returns (Batman),Â£15.38,In stock,https://books.toscrape.com/catalogue/batman-the-dark-knight-returns-batman_792/index.html
Amatus,Â£50.54,In stock,https://books.toscrape.com/catalogue/amatus_787/index.html
Agnostic: A Spirited Manifesto,Â£12.51,In stock,https://books.toscrape.com/catalogue/agnostic-a-spirited-manifesto_786/index.html
You (You #1),Â£43.61,In stock,https://books.toscrape.com/catalogue/you-you-1_784/index.html
Walt Disney's Alice in Wonderland,Â£12.96,In stock,https://books.toscrape.com/catalogue/walt-disneys-alice-in-wonderland_777/index.html
The White Queen (The Cousins' War #1),Â£25.91,In stock,https://books.toscrape.com/catalogue/the-white-queen-the-cousins-war-1_768/index.html
The Time Keeper,Â£27.88,In stock,https://books.toscrape.com/catalogue/the-time-keeper_766/index.html
The Star-Touched Queen,Â£46.02,In stock,https://books.toscrape.com/catalogue/the-star-touched-queen_764/index.html
The Songs of the Gods,Â£44.48,In stock,https://books.toscrape.com/catalogue/the-songs-of-the-gods_763/index.html
The Song of Achilles,Â£37.40,In stock,https://books.toscrape.com/catalogue/the-song-of-achilles_762/index.html
The Darkest Lie,Â£35.35,In stock,https://books.toscrape.com/catalogue/the-darkest-lie_747/index.html
Superman Vol. 1: Before Truth (Superman by Gene Luen Yang #1),Â£11.89,In stock,https://books.toscrape.com/catalogue/superman-vol-1-before-truth-superman-by-gene-luen-yang-1_739/index.html
Steve Jobs,Â£39.50,In stock,https://books.toscrape.com/catalogue/steve-jobs_737/index.html
Someone Like You (The Harrisons #2),Â£52.79,In stock,https://books.toscrape.com/catalogue/someone-like-you-the-harrisons-2_735/index.html
"Quarter Life Poetry: Poems for the Young, Broke and Hangry",Â£50.89,In stock,https://books.toscrape.com/catalogue/quarter-life-poetry-poems-for-the-young-broke-and-hangry_727/index.html
Old School (Diary of a Wimpy Kid #10),Â£11.83,In stock,https://books.toscrape.com/catalogue/old-school-diary-of-a-wimpy-kid-10_723/index.html
Made to Stick: Why Some Ideas Survive and Others Die,Â£38.85,In stock,https://books.toscrape.com/catalogue/made-to-stick-why-some-ideas-survive-and-others-die_715/index.html
Looking for Lovely: Collecting the Moments that Matter,Â£29.14,In stock,https://books.toscrape.com/catalogue/looking-for-lovely-collecting-the-moments-that-matter_710/index.html
Let It Out: A Journey Through Journaling,Â£26.79,In stock,https://books.toscrape.com/catalogue/let-it-out-a-journey-through-journaling_708/index.html
Lady Midnight (The Dark Artifices #1),Â£16.28,In stock,https://books.toscrape.com/catalogue/lady-midnight-the-dark-artifices-1_707/index.html
"Hyperbole and a Half: Unfortunate Situations, Flawed Coping Mechanisms, Mayhem, and Other Things That Happened",Â£14.75,In stock,https://books.toscrape.com/catalogue/hyperbole-and-a-half-unfortunate-situations-flawed-coping-mechanisms-mayhem-and-other-things-that-happened_702/index.html
Greek Mythic History,Â£10.23,In stock,https://books.toscrape.com/catalogue/greek-mythic-history_698/index.html
God: The Most Unpleasant Character in All Fiction,Â£30.03,In stock,https://books.toscrape.com/catalogue/god-the-most-unpleasant-character-in-all-fiction_697/index.html
El Deafo,Â£57.62,In stock,https://books.toscrape.com/catalogue/el-deafo_691/index.html
"Eaternity: More than 150 Deliciously Easy Vegan Recipes for a Long, Healthy, Satisfied, Joyful Life",Â£51.75,In stock,https://books.toscrape.com/catalogue/eaternity-more-than-150-deliciously-easy-vegan-recipes-for-a-long-healthy-satisfied-joyful-life_689/index.html
Demigods & Magicians: Percy and Annabeth Meet the Kanes (Percy Jackson & Kane Chronicles Crossover #1-3),Â£37.51,In stock,https://books.toscrape.com/catalogue/demigods-magicians-percy-and-annabeth-meet-the-kanes-percy-jackson-kane-chronicles-crossover-1-3_685/index.html
Dear Mr. Knightley,Â£11.21,In stock,https://books.toscrape.com/catalogue/dear-mr-knightley_684/index.html
Brain on Fire: My Month of Madness,Â£49.32,In stock,https://books.toscrape.com/catalogue/brain-on-fire-my-month-of-madness_669/index.html
Barefoot Contessa at Home: Everyday Recipes You'll Make Over and Over Again,Â£50.62,In stock,https://books.toscrape.com/catalogue/barefoot-contessa-at-home-everyday-recipes-youll-make-over-and-over-again_666/index.html
All the Light We Cannot See,Â£29.87,In stock,https://books.toscrape.com/catalogue/all-the-light-we-cannot-see_660/index.html
Abstract City,Â£56.37,In stock,https://books.toscrape.com/catalogue/abstract-city_658/index.html
A Time of Torment (Charlie Parker #14),Â£48.35,In stock,https://books.toscrape.com/catalogue/a-time-of-torment-charlie-parker-14_657/index.html
The Star-Touched Queen,Â£32.30,In stock,https://books.toscrape.com/catalogue/the-star-touched-queen_642/index.html
The Silent Sister (Riley MacPherson #1),Â£46.29,In stock,https://books.toscrape.com/catalogue/the-silent-sister-riley-macpherson-1_641/index.html
The Epidemic (The Program 0.6),Â£14.44,In stock,https://books.toscrape.com/catalogue/the-epidemic-the-program-06_636/index.html
Psycho: Sanitarium (Psycho #1.5),Â£36.97,In stock,https://books.toscrape.com/catalogue/psycho-sanitarium-psycho-15_628/index.html
How to Speak Golf: An Illustrated Guide to Links Lingo,Â£58.32,In stock,https://books.toscrape.com/catalogue/how-to-speak-golf-an-illustrated-guide-to-links-lingo_621/index.html
Everyday Italian: 125 Simple and Delicious Recipes,Â£20.10,In stock,https://books.toscrape.com/catalogue/everyday-italian-125-simple-and-delicious-recipes_618/index.html
Eleanor & Park,Â£56.51,In stock,https://books.toscrape.com/catalogue/eleanor-park_616/index.html
"Mother, Can You Not?",Â£16.89,In stock,https://books.toscrape.com/catalogue/mother-can-you-not_599/index.html
Born for This: How to Find the Work You Were Meant to Do,Â£21.59,In stock,https://books.toscrape.com/catalogue/born-for-this-how-to-find-the-work-you-were-meant-to-do_588/index.html
Adultery,Â£20.88,In stock,https://books.toscrape.com/catalogue/adultery_586/index.html
A Gentleman's Position (Society of Gentlemen #3),Â£14.75,In stock,https://books.toscrape.com/catalogue/a-gentlemans-position-society-of-gentlemen-3_584/index.html
10-Day Green Smoothie Cleanse: Lose Up to 15 Pounds in 10 Days!,Â£49.71,In stock,https://books.toscrape.com/catalogue/10-day-green-smoothie-cleanse-lose-up-to-15-pounds-in-10-days_581/index.html
Without Shame,Â£48.27,In stock,https://books.toscrape.com/catalogue/without-shame_580/index.html
The New Brand You: Your New Image Makes the Sale for You,Â£44.05,In stock,https://books.toscrape.com/catalogue/the-new-brand-you-your-new-image-makes-the-sale-for-you_575/index.html
The Art and Science of Low Carbohydrate Living,Â£52.98,In stock,https://books.toscrape.com/catalogue/the-art-and-science-of-low-carbohydrate-living_570/index.html
Suzie Snowflake: One beautiful flake (a self-esteem story),Â£54.81,In stock,https://books.toscrape.com/catalogue/suzie-snowflake-one-beautiful-flake-a-self-esteem-story_568/index.html
The Unlikely Pilgrimage of Harold Fry (Harold Fry #1),Â£43.62,In stock,https://books.toscrape.com/catalogue/the-unlikely-pilgrimage-of-harold-fry-harold-fry-1_551/index.html
Smarter Faster Better: The Secrets of Being Productive in Life and Business,Â£38.89,In stock,https://books.toscrape.com/catalogue/smarter-faster-better-the-secrets-of-being-productive-in-life-and-business_543/index.html
Shadows of the Past (Logan Point #1),Â£39.67,In stock,https://books.toscrape.com/catalogue/shadows-of-the-past-logan-point-1_541/index.html
Roller Girl,Â£14.10,In stock,https://books.toscrape.com/catalogue/roller-girl_540/index.html
Out of Print: City Lights Spotlight No. 14,Â£53.64,In stock,https://books.toscrape.com/catalogue/out-of-print-city-lights-spotlight-no-14_536/index.html
My Life Next Door (My Life Next Door ),Â£36.39,In stock,https://books.toscrape.com/catalogue/my-life-next-door-my-life-next-door_535/index.html
Les Fleurs du Mal,Â£29.04,In stock,https://books.toscrape.com/catalogue/les-fleurs-du-mal_530/index.html
Kill 'Em and Leave: Searching for James Brown and the American Soul,Â£45.05,In stock,https://books.toscrape.com/catalogue/kill-em-and-leave-searching-for-james-brown-and-the-american-soul_528/index.html
Future Shock (Future Shock #1),Â£55.65,In stock,https://books.toscrape.com/catalogue/future-shock-future-shock-1_519/index.html
"""Most Blessed of the Patriarchs"": Thomas Jefferson and the Empire of the Imagination",Â£44.48,In stock,https://books.toscrape.com/catalogue/most-blessed-of-the-patriarchs-thomas-jefferson-and-the-empire-of-the-imagination_509/index.html
What Happened on Beale Street (Secrets of the South Mysteries #2),Â£25.37,In stock,https://books.toscrape.com/catalogue/what-happened-on-beale-street-secrets-of-the-south-mysteries-2_506/index.html
The Bachelor Girl's Guide to Murder (Herringford and Watts Mysteries #1),Â£52.30,In stock,https://books.toscrape.com/catalogue/the-bachelor-girls-guide-to-murder-herringford-and-watts-mysteries-1_491/index.html
Team of Rivals: The Political Genius of Abraham Lincoln,Â£20.12,In stock,https://books.toscrape.com/catalogue/team-of-rivals-the-political-genius-of-abraham-lincoln_488/index.html
"Naturally Lean: 125 Nourishing Gluten-Free, Plant-Based Recipes--All Under 300 Calories",Â£11.38,In stock,https://books.toscrape.com/catalogue/naturally-lean-125-nourishing-gluten-free-plant-based-recipes-all-under-300-calories_479/index.html
Leave This Song Behind: Teen Poetry at Its Best,Â£51.17,In stock,https://books.toscrape.com/catalogue/leave-this-song-behind-teen-poetry-at-its-best_474/index.html
King's Folly (The Kinsman Chronicles #1),Â£39.61,In stock,https://books.toscrape.com/catalogue/kings-folly-the-kinsman-chronicles-1_473/index.html
Good in Bed (Cannie Shapiro #1),Â£37.05,In stock,https://books.toscrape.com/catalogue/good-in-bed-cannie-shapiro-1_469/index.html
Every Heart a Doorway (Every Heart A Doorway #1),Â£12.16,In stock,https://books.toscrape.com/catalogue/every-heart-a-doorway-every-heart-a-doorway-1_465/index.html
Counted With the Stars (Out from Egypt #1),Â£17.97,In stock,https://books.toscrape.com/catalogue/counted-with-the-stars-out-from-egypt-1_463/index.html
"At The Existentialist CafÃ©: Freedom, Being, and apricot cocktails with: Jean-Paul Sartre, Simone de Beauvoir, Albert Camus, Martin Heidegger, Edmund Husserl, Karl Jaspers, Maurice Merleau-Ponty and others",Â£29.93,In stock,https://books.toscrape.com/catalogue/at-the-existentialist-cafe-freedom-being-and-apricot-cocktails-with-jean-paul-sartre-simone-de-beauvoir-albert-camus-martin-heidegger-edmund-husserl-karl-jaspers-maurice-merleau-ponty-and-others_459/index.html
A Short History of Nearly Everything,Â£52.40,In stock,https://books.toscrape.com/catalogue/a-short-history-of-nearly-everything_457/index.html
The Sound Of Love,Â£57.84,In stock,https://books.toscrape.com/catalogue/the-sound-of-love_455/index.html
The Hobbit (Middle-Earth Universe),Â£17.80,In stock,https://books.toscrape.com/catalogue/the-hobbit-middle-earth-universe_447/index.html
The Collected Poems of W.B. Yeats (The Collected Works of W.B. Yeats #1),Â£15.42,In stock,https://books.toscrape.com/catalogue/the-collected-poems-of-wb-yeats-the-collected-works-of-wb-yeats-1_441/index.html
The Barefoot Contessa Cookbook,Â£59.92,In stock,https://books.toscrape.com/catalogue/the-barefoot-contessa-cookbook_440/index.html
How to Stop Worrying and Start Living,Â£46.49,In stock,https://books.toscrape.com/catalogue/how-to-stop-worrying-and-start-living_431/index.html
The Power Greens Cookbook: 140 Delicious Superfood Recipes,Â£11.05,In stock,https://books.toscrape.com/catalogue/the-power-greens-cookbook-140-delicious-superfood-recipes_410/index.html
The Mathews Men: Seven Brothers and the War Against Hitler's U-boats,Â£42.91,In stock,https://books.toscrape.com/catalogue/the-mathews-men-seven-brothers-and-the-war-against-hitlers-u-boats_408/index.html
The False Prince (The Ascendance Trilogy #1),Â£56.00,In stock,https://books.toscrape.com/catalogue/the-false-prince-the-ascendance-trilogy-1_402/index.html
The Darkest Corners,Â£11.33,In stock,https://books.toscrape.com/catalogue/the-darkest-corners_399/index.html
Siddhartha,Â£34.22,In stock,https://books.toscrape.com/catalogue/siddhartha_393/index.html
Shiver (The Wolves of Mercy Falls #1),Â£16.23,In stock,https://books.toscrape.com/catalogue/shiver-the-wolves-of-mercy-falls-1_392/index.html
Mexican Today: New and Rediscovered Recipes for Contemporary Kitchens,Â£24.91,In stock,https://books.toscrape.com/catalogue/mexican-today-new-and-rediscovered-recipes-for-contemporary-kitchens_387/index.html
Kill the Boy Band,Â£15.52,In stock,https://books.toscrape.com/catalogue/kill-the-boy-band_381/index.html
Isla and the Happily Ever After (Anna and the French Kiss #3),Â£48.13,In stock,https://books.toscrape.com/catalogue/isla-and-the-happily-ever-after-anna-and-the-french-kiss-3_380/index.html
If I Stay (If I Stay #1),Â£38.13,In stock,https://books.toscrape.com/catalogue/if-i-stay-if-i-stay-1_379/index.html
Dracula the Un-Dead,Â£35.63,In stock,https://books.toscrape.com/catalogue/dracula-the-un-dead_370/index.html
Digital Fortress,Â£58.00,In stock,https://books.toscrape.com/catalogue/digital-fortress_369/index.html
Booked,Â£17.49,In stock,https://books.toscrape.com/catalogue/booked_365/index.html
"Blue Lily, Lily Blue (The Raven Cycle #3)",Â£34.13,In stock,https://books.toscrape.com/catalogue/blue-lily-lily-blue-the-raven-cycle-3_364/index.html
Approval Junkie: Adventures in Caring Too Much,Â£58.81,In stock,https://books.toscrape.com/catalogue/approval-junkie-adventures-in-caring-too-much_363/index.html
An Abundance of Katherines,Â£10.00,In stock,https://books.toscrape.com/catalogue/an-abundance-of-katherines_362/index.html
The Passion of Dolssa,Â£28.32,In stock,https://books.toscrape.com/catalogue/the-passion-of-dolssa_351/index.html
The Hunger Games (The Hunger Games #1),Â£29.85,In stock,https://books.toscrape.com/catalogue/the-hunger-games-the-hunger-games-1_349/index.html
The Beast (Black Dagger Brotherhood #14),Â£46.08,In stock,https://books.toscrape.com/catalogue/the-beast-black-dagger-brotherhood-14_342/index.html
Some Women,Â£13.73,In stock,https://books.toscrape.com/catalogue/some-women_341/index.html
Shopaholic Ties the Knot (Shopaholic #3),Â£48.39,In stock,https://books.toscrape.com/catalogue/shopaholic-ties-the-knot-shopaholic-3_340/index.html
Paper and Fire (The Great Library #2),Â£49.45,In stock,https://books.toscrape.com/catalogue/paper-and-fire-the-great-library-2_339/index.html
Outlander (Outlander #1),Â£19.67,In stock,https://books.toscrape.com/catalogue/outlander-outlander-1_338/index.html
No One Here Gets Out Alive,Â£20.02,In stock,https://books.toscrape.com/catalogue/no-one-here-gets-out-alive_336/index.html
Harry Potter and the Half-Blood Prince (Harry Potter #6),Â£48.75,In stock,https://books.toscrape.com/catalogue/harry-potter-and-the-half-blood-prince-harry-potter-6_326/index.html
Atlas Shrugged,Â£26.58,In stock,https://books.toscrape.com/catalogue/atlas-shrugged_314/index.html
A New Earth: Awakening to Your Life's Purpose,Â£55.65,In stock,https://books.toscrape.com/catalogue/a-new-earth-awakening-to-your-lifes-purpose_311/index.html
When You Are Engulfed in Flames,Â£30.89,In stock,https://books.toscrape.com/catalogue/when-you-are-engulfed-in-flames_303/index.html
Voyager (Outlander #3),Â£21.07,In stock,https://books.toscrape.com/catalogue/voyager-outlander-3_299/index.html
The Silkworm (Cormoran Strike #2),Â£23.05,In stock,https://books.toscrape.com/catalogue/the-silkworm-cormoran-strike-2_280/index.html
"The Sandman, Vol. 3: Dream Country (The Sandman (volumes) #3)",Â£55.55,In stock,https://books.toscrape.com/catalogue/the-sandman-vol-3-dream-country-the-sandman-volumes-3_279/index.html
The Red Tent,Â£35.66,In stock,https://books.toscrape.com/catalogue/the-red-tent_273/index.html
The Nanny Diaries (Nanny #1),Â£52.53,In stock,https://books.toscrape.com/catalogue/the-nanny-diaries-nanny-1_265/index.html
The Lonely Ones,Â£43.59,In stock,https://books.toscrape.com/catalogue/the-lonely-ones_261/index.html
The Husband's Secret,Â£52.51,In stock,https://books.toscrape.com/catalogue/the-husbands-secret_256/index.html
"The Disappearing Spoon: And Other True Tales of Madness, Love, and the History of the World from the Periodic Table of the Elements",Â£57.35,In stock,https://books.toscrape.com/catalogue/the-disappearing-spoon-and-other-true-tales-of-madness-love-and-the-history-of-the-world-from-the-periodic-table-of-the-elements_244/index.html
The Day the Crayons Came Home (Crayons),Â£26.33,In stock,https://books.toscrape.com/catalogue/the-day-the-crayons-came-home-crayons_241/index.html
The Complete Poems,Â£41.32,In stock,https://books.toscrape.com/catalogue/the-complete-poems_237/index.html
The Book of Basketball: The NBA According to The Sports Guy,Â£44.84,In stock,https://books.toscrape.com/catalogue/the-book-of-basketball-the-nba-according-to-the-sports-guy_232/index.html
The Blind Side: Evolution of a Game,Â£53.71,In stock,https://books.toscrape.com/catalogue/the-blind-side-evolution-of-a-game_231/index.html
Something Borrowed (Darcy & Rachel #1),Â£48.96,In stock,https://books.toscrape.com/catalogue/something-borrowed-darcy-rachel-1_224/index.html
"Saga, Volume 3 (Saga (Collected Editions) #3)",Â£21.57,In stock,https://books.toscrape.com/catalogue/saga-volume-3-saga-collected-editions-3_216/index.html
Life Without a Recipe,Â£59.04,In stock,https://books.toscrape.com/catalogue/life-without-a-recipe_188/index.html
"Lamb: The Gospel According to Biff, Christ's Childhood Pal",Â£55.50,In stock,https://books.toscrape.com/catalogue/lamb-the-gospel-according-to-biff-christs-childhood-pal_182/index.html
Lady Renegades (Rebel Belle #3),Â£53.04,In stock,https://books.toscrape.com/catalogue/lady-renegades-rebel-belle-3_181/index.html
Into the Wild,Â£56.70,In stock,https://books.toscrape.com/catalogue/into-the-wild_177/index.html
Inferno (Robert Langdon #4),Â£41.00,In stock,https://books.toscrape.com/catalogue/inferno-robert-langdon-4_176/index.html
Gratitude,Â£26.66,In stock,https://books.toscrape.com/catalogue/gratitude_163/index.html
Gone Girl,Â£37.60,In stock,https://books.toscrape.com/catalogue/gone-girl_162/index.html
Fifty Shades Freed (Fifty Shades #3),Â£15.36,In stock,https://books.toscrape.com/catalogue/fifty-shades-freed-fifty-shades-3_156/index.html
Disrupted: My Misadventure in the Start-Up Bubble,Â£15.28,In stock,https://books.toscrape.com/catalogue/disrupted-my-misadventure-in-the-start-up-bubble_148/index.html
Dead Wake: The Last Crossing of the Lusitania,Â£39.24,In stock,https://books.toscrape.com/catalogue/dead-wake-the-last-crossing-of-the-lusitania_147/index.html
Dark Places,Â£23.90,In stock,https://books.toscrape.com/catalogue/dark-places_144/index.html
Crazy Rich Asians (Crazy Rich Asians #1),Â£49.13,In stock,https://books.toscrape.com/catalogue/crazy-rich-asians-crazy-rich-asians-1_143/index.html
Breaking Dawn (Twilight #4),Â£35.28,In stock,https://books.toscrape.com/catalogue/breaking-dawn-twilight-4_136/index.html
Brave Enough,Â£51.32,In stock,https://books.toscrape.com/catalogue/brave-enough_135/index.html
Blink: The Power of Thinking Without Thinking,Â£21.74,In stock,https://books.toscrape.com/catalogue/blink-the-power-of-thinking-without-thinking_132/index.html
Between Shades of Gray,Â£20.79,In stock,https://books.toscrape.com/catalogue/between-shades-of-gray_128/index.html
Beautiful Creatures (Caster Chronicles #1),Â£21.55,In stock,https://books.toscrape.com/catalogue/beautiful-creatures-caster-chronicles-1_125/index.html
Annie on My Mind,Â£36.83,In stock,https://books.toscrape.com/catalogue/annie-on-my-mind_120/index.html
A Visit from the Goon Squad,Â£14.08,In stock,https://books.toscrape.com/catalogue/a-visit-from-the-goon-squad_117/index.html
A Heartbreaking Work of Staggering Genius,Â£54.29,In stock,https://books.toscrape.com/catalogue/a-heartbreaking-work-of-staggering-genius_115/index.html
Life,Â£31.58,In stock,https://books.toscrape.com/catalogue/life_104/index.html
H is for Hawk,Â£57.42,In stock,https://books.toscrape.com/catalogue/h-is-for-hawk_102/index.html
"Fruits Basket, Vol. 2 (Fruits Basket #2)",Â£11.64,In stock,https://books.toscrape.com/catalogue/fruits-basket-vol-2-fruits-basket-2_100/index.html
While You Were Mine,Â£41.32,In stock,https://books.toscrape.com/catalogue/while-you-were-mine_97/index.html
Ways of Seeing,Â£39.51,In stock,https://books.toscrape.com/catalogue/ways-of-seeing_94/index.html
Travels with Charley: In Search of America,Â£57.82,In stock,https://books.toscrape.com/catalogue/travels-with-charley-in-search-of-america_90/index.html
The Zombie Room,Â£19.69,In stock,https://books.toscrape.com/catalogue/the-zombie-room_87/index.html
The Tumor,Â£41.56,In stock,https://books.toscrape.com/catalogue/the-tumor_85/index.html
The Silent Wife,Â£12.34,In stock,https://books.toscrape.com/catalogue/the-silent-wife_83/index.html
The Hook Up (Game On #1),Â£36.29,In stock,https://books.toscrape.com/catalogue/the-hook-up-game-on-1_68/index.html
The Haters,Â£27.89,In stock,https://books.toscrape.com/catalogue/the-haters_67/index.html
The Girl You Lost,Â£12.29,In stock,https://books.toscrape.com/catalogue/the-girl-you-lost_66/index.html
"Rat Queens, Vol. 1: Sass & Sorcery (Rat Queens (Collected Editions) #1-5)",Â£46.96,In stock,https://books.toscrape.com/catalogue/rat-queens-vol-1-sass-sorcery-rat-queens-collected-editions-1-5_46/index.html
Off Sides (Off #1),Â£39.45,In stock,https://books.toscrape.com/catalogue/off-sides-off-1_38/index.html
Kitchens of the Great Midwest,Â£57.20,In stock,https://books.toscrape.com/catalogue/kitchens-of-the-great-midwest_28/index.html
Jane Eyre,Â£38.43,In stock,https://books.toscrape.com/catalogue/jane-eyre_27/index.html
"Fruits Basket, Vol. 1 (Fruits Basket #1)",Â£40.28,In stock,https://books.toscrape.com/catalogue/fruits-basket-vol-1-fruits-basket-1_21/index.html
Deep Under (Walker Security #1),Â£47.09,In stock,https://books.toscrape.com/catalogue/deep-under-walker-security-1_15/index.html
Bright Lines,Â£39.07,In stock,https://books.toscrape.com/catalogue/bright-lines_11/index.html
"Bleach, Vol. 1: Strawberry and the Soul Reapers (Bleach #1)",Â£34.65,In stock,https://books.toscrape.com/catalogue/bleach-vol-1-strawberry-and-the-soul-reapers-bleach-1_7/index.html
A Spy's Devotion (The Regency Spies of London #1),Â£16.97,In stock,https://books.toscrape.com/catalogue/a-spys-devotion-the-regency-spies-of-london-1_3/index.html
"1,000 Places to See Before You Die",Â£26.08,In stock,https://books.toscrape.com/catalogue/1000-places-to-see-before-you-die_1/index.html
